Cluster	Id
0	6
-1	5
0	10
0	4
-1	32
-1	7
-1	35
0	114
0	77
1	173
2	258
1	268
0	219
0	198
-1	1
0	664
0	937
0	384
0	521
0	280
-1	687
-1	1386
0	537
0	1317
0	1566
0	149
0	2034
0	2455
0	1383
0	425
-1	1810
-1	2028
0	1363
-1	1018
0	1832
2	1624
0	550
0	1331
-1	2642
0	856
0	2188
0	2187
0	1752
0	3810
-1	3129
0	2244
0	135
-1	13
-1	2067
0	1318
0	4385
0	2524
-1	3988
-1	1352
0	96
0	2
0	21
0	20
0	61
0	54
0	132
0	3
0	142
0	146
0	110
0	166
0	156
0	39
0	60
0	62
1	455
1	401
0	632
0	658
0	516
0	651
0	167
3	758
0	744
-1	634
-1	732
-1	523
0	779
0	654
-1	832
-1	202
0	204
0	223
0	245
0	178
0	23
0	3397
0	41
0	4590
0	115
0	5606
0	3722
4	5929
0	15
-1	34
0	17
4	31
-1	8
4	47
-1	56
3	71
3	74
0	78
-1	68
0	81
0	101
1	119
0	100
-1	76
0	111
4	138
3	145
4	165
0	75
0	19
1	225
0	29
-1	227
0	104
0	33
0	64
3	247
2	234
0	251
5	260
-1	261
0	109
0	177
4	271
0	274
0	141
0	296
0	180
3	311
0	312
0	308
0	304
-1	139
0	324
-1	356
0	51
0	399
4	438
3	442
0	144
-1	320
0	464
2	431
-1	486
0	416
3	505
-1	421
0	80
3	511
0	494
-1	534
0	563
2	567
6	569
0	215
0	579
0	484
0	266
0	630
2	677
2	695
2	672
4	773
0	647
0	396
0	353
3	9
0	545
2	626
2	1134
5	197
0	270
0	539
0	635
0	522
0	882
0	861
-1	1369
1	1010
0	309
2	1389
0	1162
0	1376
-1	1447
0	540
0	112
0	1541
0	1557
0	134
0	350
0	1353
0	592
0	1689
0	1690
0	57
0	1555
0	36
0	1727
0	1487
0	120
3	1749
0	1771
0	1693
0	1677
0	1245
0	1281
0	1753
0	1802
0	823
0	1714
0	1316
0	1860
0	1053
0	1201
0	1366
-1	1944
0	1984
0	1656
0	1921
0	1701
-1	1899
0	2046
0	446
-1	905
0	2123
0	2124
0	2142
0	2173
0	1967
0	2096
0	2322
0	729
-1	2341
0	1585
0	171
0	143
0	492
0	2410
-1	2471
0	241
-1	2711
0	2214
0	2484
0	2176
0	2731
6	2761
0	125
0	1815
-1	1217
1	3417
0	330
0	1620
0	3366
0	3719
0	3830
0	2303
0	1508
0	192
-1	2045
-1	2125
0	1565
0	4458
0	3527
0	159
-1	1953
-1	2388
-1	2266
0	2835
-1	2296
0	2252
0	2175
0	481
0	4559
-1	4172
2	703
0	4857
3	5418
-1	4291
0	3040
0	3319
-1	1396
0	3919
0	1615
0	4921
0	5506
0	3452
0	5524
0	1939
0	3878
0	2658
0	5636
0	3572
-1	5482
0	5515
0	5689
0	892
0	5508
0	1052
4	5925
0	4205
0	5955
2	97
0	70
1	239
5	297
-1	93
0	1453
0	2141
0	26
3	66
0	72
2	87
2	282
2	352
2	466
2	423
2	319
0	45
-1	538
3	1246
-1	908
0	1257
3	713
0	935
-1	1664
2	2145
5	1992
0	2198
0	2344
5	189
0	2470
2	2998
0	3204
-1	3445
0	3699
5	5014
0	4852
3	5498
1	217
0	269
1	397
2	1220
2	439
0	361
3	16
0	200
2	518
-1	594
1	605
3	612
4	619
6	620
0	593
0	491
2	741
-1	742
2	751
3	765
1	862
0	775
2	699
3	887
0	199
0	1222
4	1223
1	1226
0	621
0	468
4	1533
3	1537
2	1794
5	1833
0	493
0	1744
2	1902
2	1909
3	1910
1	1923
0	1937
1	1986
0	1990
0	3598
0	2006
2	2011
0	2030
0	2014
2	591
-1	2071
4	2108
0	616
0	1412
0	1394
-1	1593
0	2158
-1	546
0	2016
0	1204
0	1754
3	2207
0	1044
0	2063
0	1998
0	2229
0	2261
1	2048
0	1788
0	2224
0	1991
0	1527
-1	2221
0	1922
0	342
0	1757
1	2411
0	2419
0	1890
0	710
4	2555
3	2557
0	2552
0	2566
0	1675
0	2589
3	2615
-1	1886
0	1916
0	2194
6	2607
0	2310
0	25
0	2962
1	791
0	606
0	2498
0	3029
0	2784
3	3434
0	2961
-1	3453
0	2392
0	3219
2	3483
2	3472
0	1629
0	3624
1	160
-1	3628
0	2897
0	3923
0	3642
-1	1334
-1	4124
0	3120
0	3465
2	910
6	2512
0	3649
0	2839
0	4236
5	4264
0	3405
-1	3185
2	2618
0	4301
0	4238
0	4360
0	3545
0	4515
2	4384
0	705
2	5718
3	5913
0	4532
0	5917
3	5972
3	5973
3	5984
0	4608
0	1128
2	53
3	55
1	28
4	89
0	88
4	122
3	116
2	133
4	137
5	161
3	175
0	184
2	185
2	188
3	195
1	207
3	210
0	206
0	212
-1	179
3	232
0	235
-1	222
-1	153
0	243
-1	240
0	285
3	294
0	272
0	254
2	314
0	249
0	108
1	228
3	326
3	354
0	310
3	368
4	358
0	393
2	345
5	155
0	293
-1	410
1	418
3	429
2	365
0	449
0	460
3	473
6	424
0	378
2	440
-1	489
6	447
0	383
0	472
5	498
0	386
0	203
1	548
0	480
0	547
0	322
3	584
4	551
0	405
0	113
0	643
2	655
5	656
2	419
0	650
4	193
5	351
1	666
2	639
1	709
0	725
1	733
0	640
3	878
0	753
5	792
0	906
1	948
0	129
2	963
3	964
0	417
0	838
0	931
3	1041
3	881
0	533
4	945
0	209
2	1166
-1	1098
5	1011
3	1335
0	1268
0	152
0	283
0	1413
3	1428
0	1034
0	465
-1	1525
0	1596
2	1665
-1	1702
0	1686
3	1858
2	1982
0	2044
0	2097
-1	2205
5	2319
0	2404
0	2378
0	2397
3	2533
0	2231
-1	3050
0	2174
0	2943
0	3161
0	2291
3	4946
6	5428
4	5429
1	5432
1	284
-1	257
0	467
2	490
1	506
3	618
0	777
1	801
0	4244
-1	2877
2	375
0	1277
-1	1859
0	3744
2	3784
0	3756
0	3757
0	3759
0	3760
0	2840
0	69
4	263
2	231
2	527
4	686
2	941
4	1218
6	1219
2	1962
0	2822
0	363
-1	427
-1	644
1	788
0	786
0	1618
2	1809
0	1528
0	2080
0	1639
0	1878
0	1829
0	2192
2	2523
0	2328
0	2812
0	2859
0	2635
0	2940
0	2942
2	2845
0	3045
2	3190
0	2763
0	3233
0	3335
2	3250
0	3236
-1	3703
0	3828
0	3856
4	3659
0	3916
0	4163
0	3981
0	3429
2	4573
0	4315
0	4363
0	2165
0	4791
0	625
0	3837
4	3838
0	3746
0	4592
0	4838
0	5025
0	5013
5	4758
0	1731
2	5522
0	1746
0	4365
2	680
-1	780
3	1863
3	1985
3	2130
2	2128
-1	804
0	374
3	52
3	302
5	328
1	347
1	186
-1	476
0	256
5	411
2	829
2	784
4	891
3	1172
0	1846
0	2755
-1	4197
-1	2625
3	65
3	79
-1	246
2	248
3	267
2	371
2	458
3	528
0	387
-1	390
3	836
1	795
0	894
1	975
3	976
1	950
4	1030
2	1112
3	1136
3	1137
0	923
1	1090
3	1294
-1	1295
6	1299
0	380
3	1305
3	1314
0	95
4	1337
1	1328
3	1361
5	1362
3	1382
2	1393
3	1405
1	1406
3	1414
2	1426
2	1432
3	1434
2	1338
3	1440
4	1441
2	1356
3	1445
0	1439
1	1417
4	1446
3	1450
0	1451
3	1452
3	1459
3	1460
3	1474
-1	1463
0	1478
0	1482
3	1483
3	1484
0	1486
4	1288
0	1437
3	1497
3	1498
3	1505
2	1506
-1	1469
0	1517
3	1523
3	1534
0	1539
3	1540
3	1547
0	1548
-1	1544
3	1552
3	1558
3	1560
3	1561
3	1581
2	873
3	1594
3	1601
-1	1605
-1	1492
3	1613
2	1597
2	1515
0	1348
3	1627
2	1625
3	1640
5	1644
6	1651
-1	1654
-1	1655
-1	1672
0	1657
3	1649
3	1678
3	1691
3	1694
3	1699
3	1709
2	1721
2	1724
3	1732
0	1733
3	1734
4	1741
1	1755
2	1784
2	1786
0	1765
3	1796
2	1797
3	1795
-1	1800
0	1806
0	1095
3	1812
5	1808
4	1823
6	1834
3	1836
0	1838
2	1857
3	1869
0	1879
-1	1894
2	1884
3	1897
5	1900
6	1907
3	1926
-1	1918
3	1928
0	1933
0	1951
0	1957
4	1958
4	1959
4	1960
0	1964
2	1898
0	1653
0	1977
0	1912
2	1970
1	1978
3	1983
6	1814
0	1981
1	1993
3	2005
-1	1973
0	2004
3	2025
3	2029
3	2039
6	2065
0	2070
3	2074
-1	2087
0	2089
3	2109
6	2052
4	2129
4	2117
3	2170
2	2121
3	2172
3	2177
3	2190
3	2191
3	2215
-1	1720
3	2247
3	2248
3	2264
3	2302
3	2314
0	2299
0	1562
5	2334
3	2340
0	2359
0	2110
2	2390
4	2393
0	2315
0	2398
2	2356
-1	2408
4	2428
3	2432
4	2433
2	2446
0	2449
3	2450
0	2464
2	2463
4	2453
3	2481
3	2482
4	2483
1	2495
0	2496
3	2506
3	2509
0	2521
3	2527
2	2513
3	2528
6	2531
0	2304
3	2547
3	2551
0	2558
3	2577
3	2579
0	2594
3	2595
3	2596
3	2530
2	1645
3	2613
1	2614
3	2616
0	2538
-1	2646
3	2653
2	2655
2	2663
-1	2118
3	2687
3	1781
2	2587
3	2715
0	2726
5	2723
0	2600
2	2769
0	2312
3	2773
0	2647
0	2775
3	2786
-1	2789
3	2791
3	2797
0	2780
0	2803
0	2654
6	2609
0	2819
3	2820
2	2818
4	2448
3	2785
2	2379
-1	2829
3	2834
2	2844
2	2872
2	2909
3	2927
0	2928
3	2947
2	2971
3	2972
3	2899
4	2976
2	2982
3	2983
3	2985
3	2986
3	2989
5	2772
3	2990
0	2725
2	2980
4	3008
0	3006
2	3021
3	2183
6	2563
3	3028
0	415
-1	3037
2	3041
3	3051
3	3053
-1	1462
3	3064
4	3067
0	2963
0	2777
3	3095
0	3105
-1	3106
5	3110
3	3117
3	3118
3	3124
3	3128
0	2476
0	3107
2	3137
5	3155
0	3113
3	3156
3	3176
2	3175
2	3163
3	3177
2	3178
3	3179
0	2710
2	3199
3	3200
3	2526
5	3211
3	3212
3	3213
0	3214
2	3227
3	3228
3	3266
2	3269
5	3283
3	3284
0	3270
5	3274
1	436
2	3304
3	3305
3	3324
3	3325
1	3209
3	3334
3	3362
2	3363
3	3364
1	3296
3	3393
1	3385
3	3407
0	3413
0	2767
5	3412
3	3424
3	3426
0	3316
5	3435
3	3170
3	3446
3	3447
0	2333
5	3448
3	3457
2	3458
3	3480
2	3486
2	3494
0	3489
2	3328
3	3507
2	3508
2	3514
0	3526
2	3506
-1	3515
3	3532
0	3533
3	3536
2	3300
0	3208
3	3587
3	3594
3	3606
3	3614
5	3615
3	3616
3	3617
2	3618
2	3588
3	3631
5	3632
3	3633
3	3634
3	3635
-1	3648
0	3666
0	1113
2	3577
3	3690
3	3691
3	3692
3	3693
2	3663
5	3696
3	3717
2	3718
1	2431
2	3677
-1	3735
2	3739
4	3740
3	3741
2	3720
3	3742
0	3750
3	3754
3	3773
3	3774
0	3803
3	3805
4	3758
0	3767
3	3811
2	3806
3	3818
3	3819
5	3808
2	3382
3	3835
3	3836
3	3839
0	1938
0	3002
2	3860
3	3890
3	3906
3	3907
3	3908
3	3920
2	3862
3	3979
4	3952
-1	4002
-1	4032
2	4049
0	4011
3	4063
2	3991
4	4064
3	4066
2	4065
4	4067
3	4079
4	4080
3	4093
3	4102
3	4117
3	4127
-1	4113
5	4090
4	3102
2	4206
-1	4210
3	4216
3	4221
0	4251
1	4017
0	4283
1	872
3	4294
-1	4300
0	4320
0	4274
3	4343
3	4349
0	2313
0	4231
2	4364
3	4373
1	4381
0	4334
5	4219
2	4435
3	4436
3	4446
6	4457
0	3414
0	3242
0	4482
0	4434
0	4487
0	3743
3	4498
0	4424
0	4217
3	4542
0	4499
0	4553
2	4555
0	4601
3	4612
0	4518
5	4606
3	4640
5	4641
4	4644
0	4461
3	4671
5	4674
0	3578
0	4645
4	3425
0	3504
3	2413
0	4771
3	4772
4	4767
2	4790
3	4799
0	4511
3	4820
3	4821
0	4787
3	4826
2	4837
0	4554
3	4854
0	4844
0	3172
2	4859
3	4864
3	4865
0	2691
3	4877
3	4878
3	4822
0	4861
0	4883
3	4895
0	4562
3	4889
3	4972
3	4973
0	900
1	4942
0	4709
0	4983
3	5018
3	5019
3	5024
1	3989
3	5020
3	5043
2	5044
6	5045
-1	5056
2	4463
6	5073
3	5090
3	5091
6	4516
3	5095
3	5131
3	5134
3	5135
3	5136
3	5137
3	5140
5	5141
0	5155
2	5156
3	5211
3	5220
3	5229
3	5247
3	5248
0	5227
4	5236
3	5256
3	5265
3	5274
-1	5275
0	5294
3	5351
5	5352
0	5255
0	4642
3	5412
3	5468
3	5474
2	5475
2	5492
0	1648
3	5502
3	5503
0	5501
3	5537
3	5538
0	5553
3	5566
3	5567
3	5579
2	5581
3	5592
3	5600
0	5614
1	3772
0	1971
1	5619
0	5596
-1	5554
0	4136
3	5652
3	5653
4	4924
0	4361
3	5703
6	5700
4	5711
4	5433
3	5717
3	5702
3	5755
3	5756
0	3427
-1	5783
3	5792
-1	5777
3	5793
2	3285
3	5815
3	5816
1	5801
-1	5605
2	5832
3	5843
0	5825
5	5831
4	5854
3	5855
1	5852
-1	4521
3	5867
3	5868
3	5878
1	5881
3	5885
3	5891
3	5892
3	5894
2	5886
3	5897
3	5890
2	5903
0	2132
3	5919
4	5920
3	5924
3	5926
3	5927
3	5931
3	5932
3	5933
3	5934
0	5449
4	5939
0	5921
2	5948
0	5928
3	5953
3	5964
3	5979
3	5980
3	5981
0	5983
5	3479
0	3804
3	5993
3	5995
3	5992
3	5997
3	5998
5	3992
3	6004
3	6005
-1	37
3	46
0	500
1	678
3	1228
6	1442
2	1444
3	1748
3	1745
3	1761
0	1556
3	1821
2	1774
3	1831
3	1835
0	1893
0	1844
2	2043
1	3450
2	3593
5	44
1	301
5	811
-1	3018
2	298
2	787
2	627
2	842
1	176
2	313
2	315
0	318
2	435
1	688
1	325
0	735
2	904
2	667
1	404
2	451
2	453
2	5257
0	5103
3	5866
0	4304
3	5936
0	3451
2	3583
0	5712
3	83
3	86
4	105
3	140
1	148
5	147
4	157
0	163
4	162
3	168
-1	174
2	233
2	357
1	372
0	265
2	201
3	859
1	150
2	1415
2	1422
0	1400
1	1436
1	1319
2	1384
1	1377
0	1477
0	1490
2	1500
6	1507
2	718
0	1512
2	1633
0	1591
0	1885
3	2041
0	2805
2	3421
0	3463
2	3442
0	3476
1	2742
0	4599
0	4635
3	5974
-1	697
0	2053
3	2452
0	2593
0	2778
-1	2679
0	2861
0	1403
2	4214
0	4611
0	3278
0	4833
0	4649
0	3714
3	99
0	1185
2	943
2	659
-1	2937
3	94
0	221
2	316
2	317
2	407
2	300
0	288
2	503
0	441
4	487
2	477
3	541
0	488
-1	520
3	721
0	770
0	633
-1	238
0	273
0	1094
0	1107
0	1145
0	1143
0	1139
-1	1140
0	1473
0	3099
0	3571
0	3345
0	3160
3	131
1	412
2	2823
3	172
5	194
5	191
3	205
3	213
4	218
0	224
0	214
-1	230
2	208
0	242
0	244
2	164
5	250
3	252
2	255
4	264
0	276
4	279
2	299
0	229
1	340
5	339
0	359
4	414
4	519
0	278
2	1046
3	403
2	286
1	921
2	1411
0	1368
2	107
0	2733
3	196
2	496
0	346
0	5353
0	5384
-1	5065
0	3707
0	4860
1	3609
0	4899
3	190
1	499
-1	462
3	712
0	535
1	757
-1	576
0	1464
3	1551
2	2049
1	917
0	2297
3	5844
3	253
2	940
3	106
0	2903
0	5146
3	5861
0	5827
0	3897
0	4179
0	1719
3	893
2	1164
2	558
3	1501
3	103
2	454
0	1271
0	781
2	3087
0	4198
5	1050
3	1184
0	1354
2	1519
2	2138
2	2529
3	3026
0	448
0	1947
3	5496
0	2013
0	3640
-1	5527
0	1735
4	5534
2	1202
-1	5157
3	5542
3	5593
-1	5624
6	5884
0	3470
3	5944
2	4437
5	127
2	169
0	181
0	767
3	852
5	158
0	295
1	691
2	1066
-1	1043
0	1207
0	1292
0	1340
2	4101
0	1764
0	4253
0	3971
3	924
3	187
3	303
3	355
4	1293
-1	1845
2	1968
-1	1956
0	2090
0	1543
-1	2683
-1	2682
-1	2680
-1	2684
0	2657
0	3025
2	2564
0	3314
0	2017
3	3636
3	3994
0	395
-1	4275
0	4350
0	4281
0	4406
0	4584
0	3903
0	2848
2	5574
5	5604
0	5654
0	3444
-1	5629
-1	5528
-1	5965
2	389
2	1572
2	275
2	497
0	2318
3	998
3	170
2	183
2	1068
2	774
0	1743
2	4597
2	366
0	408
1	526
2	661
2	653
2	720
5	743
0	820
1	805
-1	896
0	1073
1	1239
2	3817
1	3922
0	4026
1	3915
0	3986
2	4174
0	4169
3	182
3	388
2	409
0	1499
2	5260
0	1267
3	154
2	236
1	532
1	1008
2	3852
0	452
0	530
2	211
0	3611
0	700
0	714
2	994
0	1873
1	1779
0	2437
0	3229
0	3000
0	3023
3	220
1	812
0	1948
2	515
3	1049
2	1051
1	1040
3	1182
0	1647
4	1758
3	1770
5	1772
4	1789
0	3669
-1	3801
3	445
2	2406
0	3512
3	580
2	581
1	585
3	600
3	601
3	602
3	611
3	622
2	663
0	2724
0	1636
2	1660
0	1662
3	1783
0	1725
3	624
0	1850
0	5569
1	5982
3	5991
2	1291
4	5676
2	457
-1	443
2	544
0	501
0	394
2	559
0	262
2	586
0	608
2	702
0	967
5	959
2	623
3	237
2	292
0	321
3	289
2	377
2	638
3	704
3	759
3	785
3	825
3	807
0	984
5	1518
1	2091
1	1301
3	2092
2	1170
3	2151
0	2054
3	2184
2	2032
3	2197
2	2162
0	2590
2	645
0	3391
2	3730
3	4096
2	3101
0	4478
0	1092
2	769
2	1168
0	1286
4	1476
-1	1510
2	2499
2	2562
1	4525
0	4204
2	307
2	907
3	843
2	818
2	902
3	1070
2	1119
3	1126
1	1048
1	1375
0	2306
2	2501
2	1247
1	716
2	216
-1	495
1	432
2	1064
1	3898
3	290
3	434
1	1864
0	2178
2	3957
0	4459
3	5092
5	5142
0	3656
2	5422
0	5472
6	2336
-1	5707
5	652
-1	846
1	507
2	259
2	514
0	1529
0	590
2	1069
0	925
2	850
3	2368
2	768
0	2934
0	3013
4	3338
0	3309
4	3406
0	3381
4	3671
0	4078
4	4246
6	4247
5	4613
0	4416
4	4960
0	3713
6	5882
3	1123
2	348
2	406
3	607
2	934
1	2073
0	2879
1	578
2	629
-1	978
2	1296
0	402
0	1302
2	1942
2	2309
6	2758
0	2878
2	2811
0	2795
2	478
3	1343
3	291
3	323
3	349
3	367
2	764
3	772
3	808
2	817
4	692
2	849
3	287
2	428
0	469
0	1736
0	2494
3	3149
0	3824
0	4579
3	334
3	338
3	336
2	392
3	400
3	333
3	341
1	332
3	369
3	376
3	373
3	420
3	422
3	337
3	381
3	362
3	364
2	331
3	413
2	360
3	335
3	426
3	343
2	277
3	344
3	951
2	562
2	475
3	668
2	674
-1	628
4	582
0	502
0	1001
2	763
3	1177
3	327
0	2040
-1	2113
0	610
5	681
2	782
3	783
3	813
-1	1174
2	1115
2	1183
2	2143
3	737
3	281
0	1456
3	1491
3	1493
4	1531
0	3815
1	4405
0	5175
0	4840
3	5254
0	5298
0	3630
0	5259
3	5307
3	5308
2	4362
3	5253
0	4131
3	305
3	306
2	508
2	479
2	854
3	860
2	865
0	920
3	985
3	1091
3	531
3	613
1	617
2	437
3	485
3	615
1	557
1	701
1	847
1	929
5	1704
4	2051
0	2085
0	841
-1	2098
0	2135
5	2083
3	2301
-1	2274
3	2330
1	1751
0	2255
-1	2257
4	2369
0	1584
0	2249
3	2417
0	2233
0	1612
0	1670
0	2415
0	2636
2	2581
0	2808
0	2688
0	1819
0	2485
0	1905
0	2351
0	4098
0	4519
2	553
3	382
3	1155
5	1308
4	1862
-1	1917
2	1065
0	3653
2	670
3	671
2	690
2	730
2	1176
3	329
3	379
3	1854
2	790
0	1272
3	398
0	870
0	988
2	1121
3	1409
2	589
2	433
2	876
2	1200
6	1609
0	2243
2	1994
2	2400
-1	3534
0	1502
2	4366
0	3820
0	4605
5	4887
3	370
3	504
3	524
1	3807
3	385
2	525
3	450
3	1364
0	2639
0	3621
-1	4524
0	4279
3	4639
2	459
2	676
0	802
3	482
2	517
3	1102
0	4122
3	596
2	728
2	1346
3	391
0	561
2	863
2	4157
-1	2056
2	4249
1	2480
3	2493
-1	4686
-1	4682
-1	4681
-1	4683
-1	4680
-1	4688
-1	4679
-1	4675
-1	4673
-1	4668
2	3477
5	542
1	961
3	1150
3	1151
2	1190
2	470
3	471
3	766
2	572
3	2445
2	2904
3	3279
1	2289
3	888
2	930
3	529
0	509
0	463
2	595
3	682
1	2002
0	3513
0	3136
3	430
2	560
1	853
2	660
1	972
3	3737
0	4107
3	1489
3	456
3	575
2	819
3	936
2	889
1	885
3	1148
2	444
2	1214
6	2081
2	3540
3	1250
3	1035
2	577
0	1100
2	1270
3	1297
2	1322
0	4004
2	1931
5	1036
0	962
2	756
3	552
3	694
3	2084
0	1290
-1	566
0	1252
-1	1332
3	1351
2	1401
-1	1402
3	1416
3	1423
3	1429
3	1430
3	711
3	731
3	483
3	474
3	675
3	461
2	1198
0	1773
0	1840
5	793
0	1005
2	1475
1	760
2	874
2	755
2	799
2	926
2	1042
2	3823
3	916
-1	824
2	1063
2	2970
0	2343
5	3258
0	3341
0	3892
4	4486
5	4492
4	4544
-1	4666
0	4531
0	4546
-1	4654
-1	4661
2	4591
0	5612
0	5667
0	5413
-1	5822
3	603
3	789
3	1058
2	845
3	1120
0	4284
2	987
0	1026
4	1006
2	980
3	1101
3	1108
2	1116
3	1117
4	1114
2	1300
-1	1611
0	2561
1	2770
2	2888
0	3182
1	4392
2	3667
2	835
2	1110
2	597
2	1826
0	1191
4	4823
6	4824
1	554
2	649
-1	1104
0	512
3	543
3	2354
2	2287
4	510
4	513
2	1358
2	549
2	555
2	556
3	1161
3	796
3	918
2	1258
-1	726
0	1700
2	4086
-1	536
3	631
1	689
2	879
0	1013
1	1438
2	1827
-1	1357
2	1867
-1	1876
5	1889
3	1891
0	1896
3	1903
3	1914
0	2409
2	2211
0	2251
3	2743
-1	2868
0	2901
0	2201
0	3237
-1	3769
4	3996
0	3980
0	3715
3	4292
0	4119
1	2396
0	3660
2	5153
-1	5396
0	4694
-1	5576
0	5529
0	3531
2	5570
0	5028
1	587
0	2119
2	833
2	897
2	1165
2	1310
5	3251
2	727
3	736
2	724
3	890
1	1020
2	1132
3	1157
2	1181
2	1263
3	1283
2	1687
2	913
0	1576
1	851
0	1820
-1	1554
0	1911
3	2360
0	2880
0	4038
2	834
3	1303
1	1799
2	3031
2	1327
3	806
2	762
2	1371
2	828
3	1072
4	1421
4	1496
3	1567
5	1179
2	1630
6	2134
0	2127
0	2281
2	2403
4	3262
3	4408
0	2565
0	4969
-1	5450
-1	5440
-1	5559
-1	5613
0	1154
3	970
2	877
5	1342
4	1479
3	1632
2	1637
-1	1880
1	1892
0	1872
3	1895
5	1988
0	1997
2	2099
-1	2155
0	2349
0	2475
2	2535
-1	2537
3	2586
0	2585
3	2627
2	2630
0	2159
0	2693
2	2891
2	3396
2	3388
0	3195
-1	3511
0	3590
0	3926
-1	3841
1	4353
3	4428
0	2472
0	4925
0	2195
0	4295
3	5008
0	3725
1	4945
5	5030
3	5040
2	5094
3	5187
-1	5969
3	5987
0	2262
1	911
1	2102
0	2399
0	2728
3	1000
2	1012
3	4040
2	839
3	914
3	1254
2	1231
0	564
-1	570
2	598
2	3226
3	3622
3	604
3	740
3	565
2	583
0	571
1	573
2	574
2	669
3	683
3	646
1	707
3	761
3	657
3	816
3	1146
2	1159
3	1169
1	673
2	1236
1	641
2	2788
2	1213
2	1461
3	1559
2	708
3	684
3	3975
2	4202
2	1028
5	588
4	637
0	3904
0	3928
-1	5784
3	719
3	599
3	609
2	614
0	2219
1	642
2	665
1	922
2	977
3	1304
0	1315
2	991
0	4732
0	4875
0	3910
3	698
2	1025
4	1076
0	3380
5	867
2	1193
3	679
2	1067
3	999
2	1019
3	1233
3	745
3	803
2	1147
2	957
1	1227
1	1243
0	1244
2	1269
3	636
2	1279
3	1372
4	2443
5	2444
3	2460
3	706
2	815
2	953
0	5403
3	648
3	1189
3	738
3	1545
3	662
5	1262
3	1347
6	1443
2	3749
2	685
3	717
3	754
2	1062
3	693
0	722
3	746
3	750
3	821
3	855
1	866
0	928
0	1713
3	3855
0	2860
0	3738
3	3874
-1	3875
2	822
2	837
3	955
3	831
2	696
3	883
3	752
1	2486
3	3840
2	715
2	1324
-1	827
3	1031
1	1133
1	1130
3	4386
2	4412
0	4893
0	2892
2	5046
3	971
3	1103
3	723
2	875
3	974
3	990
3	1138
4	880
2	1078
2	986
0	3119
3	993
2	734
3	747
2	748
3	749
2	778
3	809
3	895
2	899
2	912
2	1037
0	2346
1	3797
3	4010
2	1057
2	1074
3	739
3	1158
3	810
2	973
3	1007
2	798
3	840
3	989
3	996
2	1934
2	794
3	797
3	800
2	954
2	1186
3	933
2	1196
3	771
5	915
-1	927
2	968
3	965
2	1023
0	2898
2	776
2	844
3	1029
3	1124
3	1156
3	1235
4	1344
3	1407
2	1410
3	1425
3	1203
3	1454
3	1503
2	1504
0	1550
4	1573
3	1602
3	1592
2	1635
0	1669
0	1465
3	1717
0	1792
2	1014
2	1105
3	1075
2	1084
2	1843
3	814
2	1325
0	1379
5	1127
2	4454
2	830
3	949
3	947
3	969
3	1077
4	1131
4	886
3	901
3	1111
3	4109
3	2078
2	2146
1	2284
4	826
3	1015
4	898
2	1253
2	942
5	997
3	848
2	864
3	868
3	956
2	960
2	857
2	1009
4	1024
3	1027
3	1032
3	1033
3	1047
4	1060
2	958
2	1180
0	1192
3	1742
2	995
3	858
3	3174
0	5525
2	2582
2	869
2	871
3	884
2	1099
3	1125
3	1256
4	1282
2	1385
4	1392
3	1870
-1	1888
0	3197
3	5805
0	1756
3	1038
2	2945
0	3665
3	1643
3	4979
3	4984
2	903
3	909
3	919
2	939
4	932
3	1016
3	1017
3	992
4	1093
4	1106
3	1326
3	952
2	1021
3	1175
2	1054
3	1399
3	1122
3	1309
3	1311
3	1061
2	1199
0	1275
3	1424
-1	1521
2	2200
5	2199
5	1940
0	2311
2	946
2	938
3	1109
3	1232
3	1285
3	944
3	966
3	1374
3	1435
2	982
2	1307
3	1313
3	1240
2	981
3	979
2	1004
3	983
0	2305
-1	2377
3	5356
5	5287
3	1153
0	1520
-1	1535
3	1578
2	1600
4	1610
0	1568
2	1738
-1	1778
0	1803
4	1793
2	1837
3	1841
0	1853
4	1861
0	1811
3	2031
3	2036
-1	1989
1	2120
2	2140
2	2147
0	2167
-1	2212
3	2225
0	2269
3	2283
-1	2276
4	2466
5	2447
0	2370
-1	2887
0	2702
2	2955
0	2948
2	4126
-1	4036
2	4192
-1	4184
3	4286
0	4075
0	4331
5	4415
0	3487
0	4409
6	4336
0	4402
0	4084
0	4400
0	4622
-1	4733
-1	4678
-1	4676
-1	4667
0	4672
-1	4707
0	4729
0	2958
0	4744
0	4254
0	4693
0	2977
2	4987
4	4990
0	4788
0	4088
-1	5007
-1	5037
-1	5076
2	5123
2	5144
0	4890
2	5132
-1	5192
0	5195
0	5213
0	5217
3	5321
0	5280
0	5251
0	5408
1	5649
3	1002
3	1003
1	3597
2	1055
2	1056
3	1059
2	1096
3	1039
-1	2757
0	2364
-1	3020
2	3127
3	3164
-1	2969
-1	2821
4	3145
0	3193
3	3205
0	3194
0	2405
3	3240
3	3245
-1	3225
2	3295
4	3355
0	3374
-1	3198
-1	3292
0	3436
4	3143
0	3466
5	3520
3	3550
-1	3568
4	3438
5	2692
4	3650
3	3673
0	3646
0	3697
4	3496
3	3710
0	3223
3	4077
3	4146
3	4147
-1	4118
-1	3272
3	4170
-1	4228
6	4176
3	4282
3	4371
0	4235
3	4248
3	4488
0	4490
0	4209
1	4609
-1	4638
0	4745
6	4610
2	4918
5	4534
-1	4850
3	5500
0	4570
2	5746
0	3655
3	5879
3	5895
-1	3327
2	1022
3	1152
3	1167
0	4618
2	1260
2	1045
3	1194
1	1289
3	1135
3	1395
3	5179
0	5478
-1	5299
0	5439
0	5591
0	5845
3	5990
3	1321
0	1628
0	2103
3	2836
3	1171
3	1118
2	1129
3	1071
3	1427
2	1209
3	1163
3	1079
3	1080
3	1081
3	1082
3	1083
3	1085
3	1086
3	1087
3	1088
3	1089
3	1341
2	1349
3	1173
2	1237
2	1242
3	1298
2	3798
4	1680
3	1097
3	1234
2	2072
3	4243
3	1211
3	1178
2	2241
2	4970
4	1141
4	1142
4	1144
3	1149
3	1287
0	2661
4	3439
3	1160
0	3600
3	1195
2	1205
3	1208
3	1215
3	1221
3	1224
4	1225
3	1248
2	1249
4	1264
3	1265
2	1266
2	1229
2	1320
3	1323
3	1330
3	1333
3	1373
6	1404
3	1449
3	1280
2	1206
3	1828
0	1839
3	1868
3	1932
3	2126
0	2144
3	2150
2	2160
0	2164
0	2230
4	2507
4	2578
-1	2064
3	3708
3	3726
0	4222
3	4352
4	5221
2	1187
3	1188
2	1197
3	1210
3	1212
6	1747
4	2180
3	2436
-1	2720
0	2574
5	2722
-1	2721
0	2700
3	4144
6	4356
2	4297
2	5738
3	1216
-1	2131
2	1391
3	1259
3	1336
2	1420
2	1458
3	1481
3	1549
3	1622
-1	1692
6	1785
3	1980
4	1974
3	2210
3	2237
3	2335
2	2389
-1	2427
2	2489
3	3009
5	2817
0	3377
2	2906
3	3589
2	4152
3	4190
0	2093
0	3036
2	1230
5	1480
2	3993
2	1241
1	1312
2	1238
3	1961
2	2106
3	2107
2	2136
2	2139
3	2163
2	2020
2	1949
3	4095
2	1251
3	1255
3	1466
3	1284
3	1306
3	1278
3	2300
2	3183
3	1261
4	3203
0	3146
1	3257
3	1273
2	2919
3	2938
0	3781
0	4266
3	1274
3	1276
3	1617
2	1668
0	1915
3	1987
3	2021
4	2062
3	2094
3	2101
2	2371
2	3734
3	1631
3	1397
3	1419
0	2012
2	1345
3	1350
3	1365
0	4114
0	5457
3	1431
-1	1370
3	1494
3	1599
1	1616
4	1621
3	1658
2	1688
0	1762
4	1722
4	1776
-1	1842
2	1849
2	1966
3	2196
-1	2181
6	1877
5	3473
0	3813
0	4389
3	5424
2	1329
0	1526
4	1667
0	1674
-1	1750
-1	2666
3	2920
2	3015
0	3273
4	3373
4	3376
0	3062
2	3399
0	3367
2	1976
0	3549
0	3349
1	4060
-1	4158
-1	4203
2	4395
6	3293
0	3976
0	3776
2	4440
3	4451
0	4659
5	4444
4	4755
-1	4816
0	4828
3	4843
3	4923
0	4986
3	1380
2	1542
2	1715
3	1355
0	1769
0	2580
0	2325
1	3766
-1	4211
3	4768
4	5100
-1	5317
-1	5318
-1	5485
3	5487
6	1726
3	5511
4	5513
-1	5526
-1	5005
-1	5540
1	5521
0	5539
3	5617
0	5623
-1	5602
3	5698
-1	5661
0	5655
3	5520
0	3864
-1	5799
-1	5594
2	5807
3	5769
3	5819
0	5510
4	5828
-1	5840
0	5551
-1	5754
0	5811
3	5817
5	4719
5	5859
5	5896
3	1360
3	1538
2	1359
0	2505
0	2514
0	2516
3	2619
-1	2701
0	2992
2	3966
3	1367
3	1816
3	1818
3	1822
3	1381
3	1408
3	1467
3	1378
3	1387
3	1388
3	1390
3	1448
3	1571
2	1579
4	1623
4	1767
3	1485
0	2217
5	2258
2	2235
0	2293
2	5029
4	1468
3	1470
0	1471
3	1530
-1	1574
3	1681
3	1706
2	1763
3	2193
-1	2260
5	2265
3	2451
3	2478
5	2033
-1	2601
-1	2603
4	2740
3	2974
3	2995
-1	3019
3	3235
3	3386
2	3298
3	3482
2	3492
3	5053
2	4841
3	1418
0	3723
-1	4543
2	4703
0	4867
5	1513
3	5078
3	1433
4	1457
3	1488
2	1511
4	1522
4	1524
3	1516
3	1536
0	1546
3	1553
5	1634
0	1676
3	1682
4	2454
3	2497
-1	2704
-1	2705
-1	2703
2	2706
2	2707
2	2708
2	2709
0	2712
-1	2717
-1	2718
0	2674
0	2676
-1	2737
0	2678
-1	2738
-1	2699
0	2672
2	2367
-1	2762
3	3859
-1	5480
3	1455
3	2500
3	1472
3	1723
2	5064
2	1780
3	1495
3	1604
2	1775
3	3607
2	2416
3	3834
2	1847
6	1855
0	3086
0	3003
1	4159
3	2001
2	4548
2	4551
3	1509
0	3543
4	3605
2	2473
4	5098
3	3870
1	2202
1	3918
3	1514
5	1804
2	2245
3	3358
3	5393
3	1532
2	1697
2	1728
2	1582
3	2010
1	2268
0	2670
-1	2632
0	2628
-1	2668
3	1564
0	3972
5	4430
2	4549
4	1575
3	1606
-1	1595
3	2239
5	2246
0	4795
3	2575
3	5722
2	1570
3	1580
2	1608
5	1650
3	1730
3	1569
2	1598
2	1607
3	1663
3	1707
3	1716
3	1718
2	1740
3	1577
6	1583
2	1586
2	1587
3	1588
3	1614
2	1619
5	1626
3	1646
3	1659
5	1666
2	1673
3	1683
3	1698
2	1712
1	2510
5	2386
3	1590
2	1906
3	1589
3	1603
2	1642
3	1883
3	1925
0	2095
1	2550
4	2923
0	3005
3	1671
3	1705
3	1711
3	1760
3	1768
2	1798
3	2007
3	2027
5	2122
2	2152
3	2179
3	2308
3	2366
5	2665
3	2748
3	3058
6	3060
3	3340
3	3398
3	4939
2	5063
4	5093
3	1710
3	1759
3	1695
2	2256
0	2732
2	2068
3	1641
3	1661
3	1696
6	1936
0	1919
3	3546
2	4302
-1	4354
5	4596
3	4324
0	3239
0	3326
-1	2690
-1	5363
0	5115
0	4267
0	4382
0	4269
0	4189
1	1685
3	1777
4	1703
3	1737
3	1679
0	2430
4	3024
2	4335
0	5523
4	5532
3	1766
2	2057
5	2189
2	2277
0	2407
3	2376
4	2884
3	1684
2	2000
5	1856
3	2608
0	4339
3	1875
4	2047
3	2069
3	1729
0	1817
2	5947
3	1708
3	2038
4	2114
-1	2115
2	2166
0	2716
5	5516
1	2018
2	5616
2	4724
3	5780
2	5814
3	1739
6	2104
0	2536
3	2620
-1	3982
3	4964
2	5315
2	4717
3	5607
3	3157
4	3220
3	3360
3	5710
3	1824
2	3481
2	2154
2	2806
3	2841
2	2885
3	3921
3	4224
5	1790
3	1801
3	1807
3	1825
3	1830
4	1871
2	1901
5	1920
3	1935
2	1943
2	1945
2	2213
0	2292
3	4215
2	1782
3	1805
5	1851
3	1852
3	1865
3	1866
3	1874
3	1882
3	1904
5	1972
0	1955
3	2009
1	2022
2	2035
3	2037
5	2079
4	1913
2	2973
3	1791
2	2939
2	3359
4	3454
1	2644
4	5633
2	2429
3	1787
5	2342
2	2227
3	2228
2	2271
3	2280
4	2380
-1	2567
-1	2573
-1	2569
3	3158
-1	3785
0	3887
3	1813
3	5348
0	2605
6	2606
4	3276
2	3893
2	4505
6	4578
3	4757
-1	4762
0	4698
4	4963
0	5443
4	1848
4	1930
3	1950
3	1952
3	2055
4	2058
3	2061
3	2077
3	2236
3	2395
1	2424
3	2440
-1	1946
3	2468
5	2337
3	2273
3	2508
-1	1954
0	2540
-1	2549
-1	2571
-1	2572
-1	2570
0	2592
-1	2598
4	2576
-1	2602
-1	2610
4	2617
-1	2597
-1	2622
-1	2623
-1	2621
0	2568
-1	2629
3	2638
3	2651
0	2631
-1	2671
-1	2669
-1	2548
0	2694
4	2698
4	2697
-1	2588
5	2747
5	2741
6	2751
-1	2866
-1	2881
3	2924
-1	2944
3	2965
3	1975
-1	2929
0	2987
-1	2950
4	2925
3	3049
-1	2876
3	3090
5	2402
0	3044
5	3076
3	2759
2	3206
3	3216
6	3217
4	3230
2	3255
4	3202
3	3307
0	3317
2	3337
-1	3342
2	3379
4	2652
-1	2837
-1	3538
4	3584
3	2019
3	3895
2	4033
2	4138
4	3343
3	4208
3	4242
2	4245
1	4423
-1	2050
2	4413
2	4501
3	4634
0	4677
5	4697
4	2518
-1	4742
-1	4741
0	4743
0	4669
0	4701
-1	4684
4	2584
0	4746
0	4756
4	4777
4	4796
4	4775
0	4452
-1	4616
4	4804
4	4818
-1	4814
-1	4708
2	4853
5	4858
6	4835
3	4868
0	4870
2	4665
3	2003
3	5001
0	5027
0	5021
3	5062
4	5096
1	5086
6	5149
4	5150
-1	5215
-1	5216
6	5305
2	5417
0	5367
4	5421
2	5490
6	5505
0	5471
-1	5544
0	5473
0	5316
3	5563
-1	5550
0	5691
0	5635
3	5857
3	5858
0	5765
0	5611
3	1995
3	3215
2	3478
3	2169
3	2222
2	2385
2	2387
3	4619
-1	2204
3	2290
4	2656
2	2768
3	3779
3	1924
3	1941
3	1963
3	1965
3	1999
3	1881
2	2317
3	1927
3	2591
3	1887
0	2434
2	2503
3	5050
3	1929
0	4779
0	3901
0	2076
3	2321
3	2323
3	2345
4	2421
4	2442
4	2355
3	2696
-1	2491
2	2894
3	3073
2	3123
3	3139
2	3297
2	2525
2	3581
3	1908
3	2988
0	2686
0	3854
2	5054
0	5139
2	2059
2	2100
3	2161
3	2216
2	2391
0	3063
2	3683
3	1979
3	2362
3	2286
4	3861
3	4369
4	5829
3	2357
3	2423
3	2824
3	2827
3	2832
3	2853
2	2857
4	2862
3	2854
-1	2867
4	2873
2	2905
-1	2875
3	2912
3	2914
-1	2910
0	2851
3	2930
2	2918
3	2931
0	2933
3	2959
3	2975
3	2991
3	2997
3	3010
3	3011
3	3038
4	2624
2	2511
3	2949
4	3035
3	3070
3	3069
4	2895
3	3075
-1	2730
3	3083
-1	3033
-1	2828
4	3084
2	3085
3	3088
6	3093
3	3094
3	3079
4	2847
0	2363
4	3184
0	3165
3	3192
2	3077
-1	3016
4	3043
0	3207
4	3210
3	3042
4	3072
3	3091
-1	2915
0	2952
2	2858
0	3353
3	3400
3	3409
0	3260
1	2966
6	3323
5	3104
-1	3501
5	3521
6	2781
3	3100
3	3579
0	3641
3	3652
3	2907
3	3074
1	3422
0	3620
4	3694
0	3765
2	3863
5	3865
3	2954
2	2913
3	4099
3	3096
-1	3189
3	4314
3	4323
0	4735
4	4770
4	4133
-1	5198
0	5197
0	5193
-1	5200
-1	5201
-1	5202
-1	5203
0	3880
0	3394
4	5404
0	5269
3	5454
3	5530
3	5779
3	5860
3	2008
3	2026
3	3876
3	5772
3	5782
3	5790
3	1969
-1	4594
-1	3935
2	2412
3	2133
3	2458
2	3092
5	3122
0	3153
3	3987
3	3997
2	4044
3	4046
4	4057
3	4083
0	3990
6	4103
3	4448
4	4391
3	5989
3	2015
0	4898
0	5543
3	3716
-1	4747
4	2599
3	3411
2	2288
0	3786
0	3787
0	3788
0	3789
0	3790
0	3792
0	3793
0	3791
0	3794
0	3795
3	2375
3	2023
3	2024
1	2259
3	2066
3	2105
3	2112
2	2149
3	2218
3	2220
3	2238
3	2250
3	2253
3	2267
2	2272
3	2278
4	2348
3	2358
3	2242
5	2441
3	2462
3	2479
3	2492
3	2519
3	2534
-1	2539
3	2329
-1	2438
3	2649
3	2719
3	2727
3	2776
5	2787
4	2802
2	2804
0	2275
2	2796
0	2801
3	2846
3	2831
3	2855
-1	2809
2	2896
2	2838
3	2917
0	2993
-1	3054
5	3196
2	3221
3	3032
2	3275
3	3289
4	3336
4	3265
0	3333
4	3348
-1	3378
-1	3287
3	3390
3	3416
3	3440
4	3311
6	3392
0	3462
1	3490
4	3464
3	3601
1	3610
3	3658
0	3408
0	3689
5	3909
0	3103
2	2042
3	3097
3	4232
3	2186
4	3315
4	3318
2	3410
5	3582
3	5158
6	5159
4	5164
-1	5204
6	5205
6	5206
2	5245
3	5455
0	5479
-1	5484
0	4991
4	5488
2	5489
6	5512
5	5533
5	5618
0	5609
3	5864
3	5870
6	4538
3	5938
3	5963
3	5968
2	3254
3	3977
3	2060
3	2327
2	2807
4	5427
3	4177
2	4778
2	5945
4	3551
3	2116
3	2168
3	2298
2	2332
2	2435
2	2520
2	2532
2	2556
3	2559
4	2604
4	2634
2	2640
2	2648
4	2673
0	2633
2	2886
0	3001
1	3475
3	3502
2	3761
1	3574
-1	4439
1	5466
3	5684
-1	5956
5	3142
3	3301
2	2316
1	5971
3	2082
3	2240
3	2474
3	2490
3	2086
4	2088
3	2182
3	2223
3	2226
0	4884
3	2137
3	2339
3	2111
3	2611
3	3147
4	4317
3	2320
2	2352
3	2353
3	2372
0	3047
3	3281
0	3027
-1	3059
2	3299
4	4053
-1	4431
3	4971
4	5338
0	5608
1	2148
3	2203
4	2350
3	2422
3	2459
3	2553
2	2626
3	2667
4	2779
0	2714
4	2908
3	2984
0	3321
-1	3346
4	3354
3	3365
-1	3347
5	3433
3	3469
5	3596
5	3623
3	3637
3	3771
0	3800
4	3974
4	4140
1	4290
0	4587
3	4607
0	4379
3	4766
0	4687
0	4739
1	4603
0	4614
0	4646
-1	4662
-1	4663
-1	4664
0	4370
3	4815
3	4909
3	4910
3	4911
3	4912
3	4913
3	4914
3	4998
-1	4965
6	4967
2	4996
4	4966
-1	5068
-1	5066
-1	5067
-1	5069
-1	5070
-1	5071
-1	5072
3	5077
2	5081
-1	4988
3	5082
3	5106
3	5108
3	5109
3	5110
3	5111
3	5112
3	5113
3	5083
2	5147
3	5148
3	5154
2	5160
2	5161
3	5166
3	5167
3	5168
3	5170
3	5171
3	5172
3	5173
3	5174
3	5169
3	5116
3	5114
3	5107
3	5176
3	5177
3	5181
3	5182
4	5185
3	5190
1	5189
3	5191
3	5196
2	5207
3	5209
3	5210
3	5222
3	5223
3	5225
3	5230
3	5232
3	5233
0	5231
-1	5239
6	5240
-1	5237
0	5235
2	5243
3	5262
2	5270
3	5273
3	5276
3	5277
3	5281
2	5288
3	5289
2	5285
3	5291
3	5295
3	5301
3	5303
3	5313
3	5314
3	5319
3	5320
3	5323
3	5324
3	5325
3	5326
3	5327
3	5328
3	5329
3	5330
3	5331
3	5332
3	5333
3	5334
3	5335
3	5337
3	5340
3	5341
3	5342
3	5343
4	5344
2	5346
3	5349
3	5350
3	5354
3	5357
3	5361
3	5369
2	5373
2	5374
2	5375
2	5376
2	5377
2	5378
2	5379
2	5380
3	5385
3	5388
3	5386
3	5387
3	5389
3	5391
3	5392
2	5394
2	5395
3	5400
3	5401
3	5402
3	5405
3	5406
3	5407
3	5430
0	5312
3	5431
3	5436
2	5381
2	5382
3	5467
6	5483
2	5552
2	5709
-1	4723
3	5786
4	5016
4	5015
0	5565
3	2254
3	2232
3	4902
2	5647
3	2156
4	2157
4	2171
2	4565
3	2153
3	2185
1	2208
3	4257
3	4378
3	4425
-1	4398
2	5687
3	2270
3	2279
4	2373
3	2394
3	2456
3	2932
3	5708
3	2206
0	3404
0	3268
2	2282
4	5263
3	4150
3	4153
5	4280
2	2307
3	2324
0	5578
1	5125
2	4905
2	3056
3	2209
1	2365
3	2381
3	2401
3	2234
3	2263
2	3313
2	2964
2	3191
2	3369
3	3602
3	4123
3	4329
3	4368
3	4390
2	2546
6	4855
-1	5101
2	5851
2	4025
3	2285
3	2374
5	2487
3	2504
0	2543
0	2544
0	2545
5	2522
0	2542
0	2541
3	2863
2	2953
3	2956
4	2815
3	3108
3	3109
2	3116
0	3259
3	3431
3	3432
6	3554
0	3498
6	3553
6	3558
6	3557
0	3556
4	3555
-1	3562
-1	3563
6	3564
0	3565
6	3566
6	3570
6	3569
2	3619
3	3727
2	3821
4	3711
2	5339
2	4164
1	4195
2	2326
4	2331
2	2420
3	2418
2	2662
3	2295
3	2425
3	2338
3	2469
3	2488
0	2612
3	2729
3	2794
4	2893
3	2941
3	3114
3	3253
3	3643
5	3626
2	3661
3	3676
2	3670
-1	3682
3	3706
2	3729
3	3929
4	3825
2	4278
-1	3449
3	4387
-1	4375
4	4383
0	4421
2	4432
3	4456
0	4450
6	4535
0	4800
5	4802
0	4907
4	4926
3	5099
0	4569
6	5234
0	5397
2	2383
3	2347
2	3267
3	4689
2	4915
2	5009
3	5261
3	2382
2	4761
4	4829
0	4862
0	4937
1	5079
2	3428
2	2517
2	4000
3	4111
3	3896
6	2874
0	2889
4	3082
2	3320
3	3537
3	3544
2	3879
3	3889
4	3999
3	4020
0	4076
1	3884
0	4753
0	4648
3	5133
-1	5224
3	5252
3	2384
3	2414
3	2798
2	3066
0	4604
2	3796
2	2782
3	2810
3	2936
0	2981
3	2477
1	4213
0	4287
3	4577
3	4811
3	5575
2	5582
3	5664
3	5188
3	2461
3	2833
3	3978
-1	3528
2	3888
5	3816
3	4345
0	4125
2	4871
3	2426
-1	2825
6	2735
4	2736
6	2744
-1	2745
-1	2746
-1	2749
2	2752
2	2753
3	2760
4	2766
2	3560
2	2681
3	3344
6	3456
3	3680
3	2439
3	2465
5	4882
3	2515
3	2641
2	2800
2	2852
3	3154
-1	2916
2	3248
3	3294
5	3845
0	5041
2	5003
2	2502
0	3783
2	2713
4	4480
2	4058
-1	2695
0	5762
3	2978
3	3499
4	3302
4	3474
-1	4449
3	4585
0	4598
0	3231
1	4493
0	4337
3	4652
6	4699
5	4759
-1	4568
-1	4258
1	4774
2	4776
6	4740
0	3389
3	4794
-1	4632
3	5453
3	3576
4	3664
5	3592
6	3768
6	3832
0	3850
2	4089
4	4116
3	4132
4	3173
3	4173
3	4445
3	4819
4	4928
0	3168
2	4940
1	4919
5	4977
0	5228
0	4419
0	5481
2	5631
-1	5632
-1	2675
3	2637
3	2645
3	2664
4	2660
3	2756
4	2774
3	2826
3	3017
3	3030
2	2739
3	2890
3	3169
3	3243
4	3261
4	3310
3	3460
2	3517
2	3826
4	3871
-1	3872
5	4145
-1	4325
2	4896
2	4920
2	4927
0	5023
3	5258
3	5264
2	2813
3	3071
3	3162
3	3288
3	3485
2	3541
0	3552
6	3567
3	3644
3	3728
2	3829
0	3724
3	4298
3	4346
2	4404
2	4636
0	4851
3	4891
3	5006
6	5036
6	5129
-1	5080
5	5267
0	5212
4	5750
3	5795
-1	4595
4	5869
3	5889
3	5905
3	5946
3	2643
3	2968
3	2994
2	2926
3	3048
3	3080
4	3111
3	3112
2	3078
3	3138
3	3141
3	3150
3	3121
3	3181
3	3187
3	3222
4	3241
2	3277
-1	3246
3	3291
3	3306
3	3312
6	3352
3	3368
4	3370
3	3387
3	3395
3	3419
6	3441
3	3443
-1	3455
3	3247
6	3383
4	3503
3	3523
3	3415
5	3548
3	3126
5	3573
6	3585
3	3608
3	3612
3	3613
4	3591
3	3647
4	3535
3	3662
4	3668
3	3675
4	3679
4	3681
3	3684
3	3687
3	3688
3	3702
3	3778
2	2865
4	3814
3	3822
3	3848
1	3846
3	3883
3	3891
3	3913
3	3894
2	3917
5	3924
2	3927
3	3998
5	4005
3	4013
3	4028
3	4029
1	3500
4	4048
4	4047
1	4135
3	4142
3	4165
3	4309
5	4393
4	4401
-1	4273
3	4442
5	4443
3	4447
3	4576
3	4801
3	5047
3	5061
5	3831
0	5398
2	4024
3	2734
3	2783
3	2792
3	3125
4	3166
3	3290
3	3418
1	3869
3	4141
5	4514
3	4906
3	5011
3	5214
3	2659
3	3375
-1	2677
-1	2689
3	2685
3	2771
3	2996
3	2750
5	4296
1	4897
2	2754
3	2843
3	3055
2	3148
6	3140
3	3733
3	2765
3	4367
4	2799
3	3282
3	2790
3	2830
3	2935
3	3052
3	3068
3	3599
2	4477
3	2816
3	3430
3	2793
2	2922
3	3046
0	5476
3	2869
3	2814
2	2871
3	5741
3	5745
3	5830
0	4427
2	3799
3	2849
3	2856
3	2882
3	2883
2	3171
3	5057
3	2850
3	2864
3	3159
3	5272
3	5355
3	3098
2	2870
0	5541
2	5796
3	3034
3	2921
2	3847
5	4055
0	3357
2	2911
3	2900
2	4866
3	2946
3	3144
3	3491
2	3493
3	3497
3	3505
3	3518
3	3559
3	3516
3	3657
2	3844
3	3900
2	3488
3	4191
3	3322
3	3351
3	3401
3	2902
3	2999
2	4351
3	4376
4	4237
1	3704
2	4483
1	4530
3	4626
3	4627
3	4631
5	4566
3	4633
2	4545
5	4879
3	5856
2	2960
5	3995
2	5033
3	3022
3	3167
3	3061
3	5022
3	5461
3	5546
2	5435
2	5686
2	5776
2	4326
4	5871
0	4748
4	5872
4	5873
4	5874
2	3371
4	5875
3	5877
2	5914
3	4085
2	4110
3	3012
0	3539
3	3081
3	3115
3	3180
3	3218
3	3249
3	3280
3	3286
3	3468
3	3495
3	3525
5	3561
3	3639
3	3712
3	3751
5	3914
3	3651
3	4023
0	4027
3	4112
3	4299
3	4319
0	4330
5	4042
5	4997
1	5075
2	5390
3	5372
3	5580
4	5583
-1	5625
0	5296
3	3089
4	3065
3	3332
3	4700
3	3877
4	3849
2	5012
2	5097
5	5297
3	3542
3	3595
2	4380
0	4031
3	3132
3	3135
3	3134
3	3931
3	3932
3	3256
3	3938
3	3940
3	3944
3	3945
3	3950
3	3951
3	3953
3	3955
3	3958
3	3959
3	3967
3	3968
3	3970
3	3936
2	3748
3	3942
3	3943
3	4069
3	4070
3	3131
3	4071
3	4072
3	3130
1	3885
1	4074
-1	4322
4	4728
3	4357
3	3969
3	4358
3	4710
1	3510
0	4780
3	3965
4	4289
0	4308
3	3964
3	3963
3	3133
2	4338
3	3962
3	4711
3	4712
3	3961
3	4713
4	4714
3	4715
4	3960
3	4341
3	4716
0	4504
2	3956
3	3954
2	4359
6	3519
3	4781
3	4340
3	4782
3	4718
1	3459
0	4188
2	4355
3	3949
4	3948
3	4783
3	3947
3	4784
3	3946
3	4720
3	4785
3	4073
3	4721
3	4786
2	4417
3	4722
3	3941
0	4285
3	4068
3	3939
3	3937
3	3934
3	3933
3	4725
3	4726
3	4727
3	3930
0	4956
2	4162
3	3151
3	3420
3	3188
3	3224
3	3232
3	3201
3	3308
3	3700
3	3701
3	3709
3	4187
3	3238
3	3234
3	3303
3	4313
3	3244
2	3252
3	3263
2	3264
3	3271
0	4764
0	4812
2	4993
2	5648
3	5775
2	4007
3	4658
2	3329
2	3361
3	3331
3	3437
3	4691
4	3902
3	5365
3	4161
4	4201
0	4650
2	4904
3	3372
3	3467
3	3471
2	3524
2	3586
0	4522
2	3384
5	3736
3	3403
2	3645
3	4318
3	4628
1	4115
6	4615
3	3423
3	3777
3	3812
2	4233
5	3925
0	3547
3	4310
3	4311
2	4479
4	4407
5	3509
3	3678
3	3882
-1	4563
4	4558
1	4731
4	5753
3	5797
3	5810
3	5813
0	4916
2	5985
3	4874
3	5051
0	4886
-1	5590
3	3575
2	3764
3	4517
2	4706
-1	5760
-1	5763
-1	5764
-1	5806
3	3484
3	3529
2	4035
2	4600
2	5286
3	5163
5	4316
2	5555
5	5465
2	3522
2	4128
3	3886
3	4241
3	4261
6	4265
1	4938
-1	5441
3	5447
2	4105
3	3627
-1	4462
4	4229
4	4230
1	4181
1	3629
3	4018
5	4022
-1	4922
1	3603
2	3580
3	3604
3	3625
3	4481
0	4489
3	4580
2	4643
3	4695
3	4108
3	4426
3	4429
-1	5442
2	5674
3	4045
3	3698
3	4508
3	4012
3	4226
3	4240
4	4149
2	4097
2	4955
3	3654
3	3674
0	3851
3	3672
1	5180
-1	5577
-1	5634
3	5545
3	5713
3	5823
6	5571
3	3721
2	3731
3	3685
3	3686
2	3695
3	3705
3	3752
3	3755
3	3780
3	3973
3	4006
3	4094
4	3802
2	3866
3	4061
3	4560
3	3985
3	4293
-1	4328
2	4537
3	5399
4	5818
3	3770
3	4410
2	4502
0	4556
2	4651
4	4270
3	4831
3	5835
3	5918
3	4082
3	4160
3	4305
3	4344
4	4760
3	4836
2	5186
5	5536
3	5499
3	5561
3	5645
3	5662
3	5695
4	5677
-1	5719
-1	5733
4	5736
3	5757
4	5847
4	5846
4	5876
6	5883
3	3984
4	5074
2	5283
3	5284
3	5451
3	3732
3	3775
3	3842
3	3867
3	3868
3	3881
3	4051
4	4052
3	4054
3	4056
3	4059
3	4062
3	4121
2	4134
3	4168
3	4183
2	4185
3	4199
2	4212
3	4220
5	4227
4	4167
3	4256
2	3873
3	3753
3	3745
3	3747
3	5118
0	5411
3	3762
3	3763
2	4495
2	4175
3	3782
3	4154
2	4155
3	5961
2	4003
3	5766
3	4129
3	4130
2	3827
4	3843
1	3857
4	4092
2	4137
3	4166
3	5627
5	5630
3	5673
3	5692
4	5781
3	5893
3	5826
3	4342
3	4377
3	5105
3	3858
3	4807
3	4856
2	5366
3	3853
3	3905
3	5748
4	4014
2	4016
4	5514
5	5531
3	5573
6	5143
3	5670
3	5802
3	5916
3	5999
3	4994
1	4523
3	5010
3	5085
3	5122
3	5165
3	5151
3	4019
2	4001
2	4030
0	4139
2	4008
2	4388
4	4394
2	4397
4	4418
5	4588
2	4943
3	5560
3	4503
3	3899
3	4763
3	4186
2	5218
3	3911
3	3912
3	4143
3	4268
2	4276
3	4374
2	4420
3	4422
2	4583
2	5759
-1	5732
-1	5731
-1	5730
3	5789
3	4453
3	4034
3	4255
3	3983
0	5458
3	4015
3	5271
3	4037
3	4148
3	4200
3	4239
3	5300
3	5306
2	5310
3	5322
3	5347
3	5362
3	5409
3	5426
3	5425
3	5445
6	5383
3	5459
3	5463
3	5462
3	5639
4	5638
5	5640
4	5680
0	5460
-1	5249
-1	5729
4	5743
3	5778
4	5726
3	5863
3	4091
3	4039
3	4041
2	4178
3	4043
2	4528
2	4582
3	4752
3	4050
3	4081
3	4104
3	4087
3	4100
3	4106
3	4234
2	4196
3	5087
2	5088
3	4414
3	5038
5	5138
3	4120
3	4464
3	4465
2	4399
2	4466
3	4468
3	4469
3	4470
3	4471
3	4472
3	4473
2	4474
3	4475
3	4476
0	4467
2	4506
2	4507
2	4529
3	4156
5	5034
3	4182
4	4151
3	4171
3	4306
0	4411
3	4441
0	4252
3	4572
3	4690
0	4540
4	4702
2	4630
4	4792
3	4180
2	4455
3	4218
3	4263
3	4303
3	4347
3	4623
4	4557
3	4845
3	4873
3	4978
3	4989
3	5035
2	5059
6	4934
4	5121
3	5208
2	5226
3	5279
3	5304
4	5448
5	5345
3	5599
3	5737
2	5446
3	5742
3	5838
3	4207
3	4876
2	5360
-1	5650
-1	5900
4	5935
0	5942
-1	5943
5	5950
6	5951
3	5952
-1	5958
3	5962
4	5994
0	5949
3	4262
3	4271
3	4307
3	4312
3	4333
3	4438
3	4533
1	4571
3	4629
2	4647
3	4797
3	4805
3	4813
3	4961
6	5052
3	5494
3	5497
0	5610
2	4625
4	5622
3	4250
2	4277
3	5452
3	4225
3	4321
3	4327
4	4348
3	5184
3	4259
3	4985
2	4288
3	4372
2	5978
2	4539
0	4637
2	4736
3	4908
3	4484
2	4773
0	4830
3	4941
3	5162
2	5358
6	5368
4	5469
3	5595
4	5598
3	5682
3	5904
3	5988
2	4541
3	4798
2	4933
2	4935
3	4936
3	4685
3	4403
4	4789
-1	4460
3	4975
3	5282
3	5292
3	5701
3	4754
0	3330
3	4730
2	4980
3	5128
2	4527
3	4696
3	5048
3	5557
5	5507
3	5675
2	4839
3	4396
1	5242
3	4485
3	4494
3	4497
3	4589
3	4617
4	4624
3	4962
1	4995
3	4513
2	4846
3	4433
3	4491
2	4536
3	4520
3	4552
4	4621
3	4657
3	4512
3	4793
3	4496
4	4881
3	5678
3	4509
4	4655
3	4737
3	4738
5	4593
3	4872
3	5194
2	5902
3	4526
5	4656
3	5183
5	5704
3	5880
1	5039
3	5887
3	5898
3	5901
3	5937
3	5975
3	5976
3	5977
3	5986
3	4653
3	4705
3	4620
3	4547
3	4550
3	4564
3	4917
3	4944
3	5017
3	5042
3	5152
3	5336
3	4567
2	4574
3	5548
3	4581
3	4586
3	4734
3	4992
3	5117
3	5124
3	5145
3	5268
3	4602
3	4806
4	4825
3	4834
2	5120
3	5178
3	5410
2	5803
3	4749
3	4670
3	4803
2	5119
3	4660
3	5293
3	5470
2	5309
3	5923
2	4930
0	4751
3	4704
3	4692
3	4765
3	4848
2	4880
2	5219
2	5504
3	4750
3	4974
3	5438
3	4769
2	4892
3	4809
2	4810
3	4947
3	4948
2	4949
3	4950
3	4951
2	4952
3	4953
3	4954
3	4808
2	4932
2	4957
3	4959
3	4976
3	5002
3	4842
3	5055
2	4832
2	4847
3	4849
3	5244
3	5000
2	4869
3	4863
3	4901
3	4885
3	4894
2	4982
3	4888
3	4903
4	4999
3	4900
3	5824
0	5643
3	5626
3	5491
3	5603
3	5615
2	5800
3	5912
3	4929
2	4931
2	4958
3	4968
3	5104
3	4981
3	5026
3	5058
3	5084
3	5004
3	5089
3	5130
3	5031
4	5250
3	5032
3	5049
3	5060
3	5486
-1	5688
3	5706
3	5747
4	5749
3	5126
3	5127
3	5519
3	5752
-1	5199
6	5238
3	5241
3	5660
3	5740
3	5773
3	5853
3	5922
3	5940
3	5941
3	5957
3	5966
3	5246
3	5419
3	5434
3	5444
3	5278
3	5290
3	5302
3	5364
3	5370
3	5371
3	5705
3	5558
2	5359
3	5311
2	5477
5	5715
3	5437
2	5414
2	5420
3	5423
3	5911
2	5415
3	5416
3	5456
3	5899
3	5644
3	5967
3	5464
3	5930
3	5517
3	5518
3	5597
3	5585
3	5586
3	5587
3	5588
3	5589
3	5495
3	5646
3	5601
5	5839
3	5915
3	5568
3	5721
3	5770
3	5549
3	5821
3	5683
3	5785
3	5723
3	5547
2	5556
3	5564
3	5672
3	5656
3	5657
3	5685
3	5642
3	5694
3	5699
3	5714
3	5724
3	5725
3	5767
2	5791
3	5659
3	5837
4	5836
3	5833
3	5663
2	5665
3	5668
3	5669
3	5744
3	5641
3	5774
3	5681
2	5658
3	5679
3	5798
3	5720
3	5768
3	5808
3	5809
3	5666
3	5848
3	5693
3	5739
3	5761
3	5850
4	5788
3	5804
3	5820
3	6003
3	5849
3	5907
3	5908
3	5906
3	5909
3	5910
3	5862
3	5888
3	5954
3	5959
3	5996
3	5970
3	5960
3	6000
3	6002
